model,Accuracy,Precision,Recall,F1_Score
Linear Regression,0.5714285714285714,0.7532134532134532,0.5714285714285714,0.5387476648599654
Random Forest,0.9931972789115646,0.9932930918846411,0.9931972789115646,0.9930954257195389
