model,MAE,MSE,RMSE,R2,MAPE,Accuracy_10pct,CV_R2_mean,CV_R2_std
Linear Regression,1.7714218005209812,12.227654266131278,3.496806295197273,0.8927167585704279,2111.8738678807736,18.027210884353742,0.9498700301872945,0.0067154998155086925
Random Forest,0.38354215988461243,1.1353466632370968,1.065526472330508,0.9900386723792394,7.210229356554261,80.95238095238095,0.9972530485946167,0.0009644314919472487
